UniqueID,Probability1,ksvm,glm,nnet,rpart,ada
11862,0.052,0.205287826,0.276766247,0,0.2125,0.115332733
11863,0.3,0.176753407,0.392448115,0,0.2125,0.476797948
11864,0.272,0.236567712,0.343889512,0,0.2125,0.230510573
11865,0.992,0.927941335,0.755169961,1,0.9140625,0.895976781
11866,0.246,0.263785351,0.305656551,0,0.2125,0.204582819
11867,0.334,0.171806076,0.066485269,0,0.2125,0.137107424
11868,0.162,0.206860875,0.276365948,0,0.2125,0.167223928
11869,0.106,0.207349918,0.211725005,0,0.2125,0.279238713
11870,0.378,0.206540944,0.477663875,0,0.2125,0.617440716
11871,0.914,0.881588826,0.720999285,1,0.9140625,0.71930137
11872,0.26,0.201091222,0.274306316,0,0.2125,0.304985991
11873,0.248,0.201426476,0.2936031,0,0.2125,0.105643675
11874,0.184,0.20048541,0.198704748,0,0.2125,0.13983597
11875,0.862,0.841070801,0.878466068,0,0.663265306,0.92619998
11876,0.268,0.179280993,0.269619869,0,0.2125,0.285497907
11877,0.646,0.582503038,0.915008313,0,0.663265306,0.563443485
11878,0.722,0.587501185,0.669416838,0,0.663265306,0.753432801
11879,0.296,0.205143882,0.314289141,1,0.2125,0.45298303
11880,0.188,0.214704506,0.241616771,0,0.2125,0.215249572
11881,0.782,0.505606454,0.879085741,0,0.663265306,0.508989572
11882,0.232,0.222342025,0.110055413,0,0.2125,0.076577355
11883,0.13,0.230218145,0.137937623,0,0.2125,0.10693625
11884,0.152,0.222460938,0.145871425,0,0.2125,0.141025376
11885,0.046,0.197472038,0.415984898,1,0.2125,0.256350185
11886,0.058,0.17775722,0.152245094,0,0.2125,0.149026735
11887,0.256,0.221984716,0.283710629,0,0.2125,0.192319878
11888,0.316,0.186845905,0.211222177,0,0.2125,0.086244097
11889,0.422,0.22054402,0.072279194,0,0.2125,0.221640533
11890,0.156,0.245055907,0.177104059,0,0.2125,0.121271451
11891,0.924,0.861105224,0.963434572,1,0.9140625,0.957936213
11892,0.076,0.194974418,0.275700424,0,0.2125,0.204714035
11893,0.636,0.59452485,0.742357291,0,0.663265306,0.683782006
11894,0.064,0.195259234,0.384054434,0,0.2125,0.334055421
11895,0.33,0.166234141,0.039540575,0,0.2125,0.101212451
11896,0.284,0.124631195,0.109758123,0,0.2125,0.099280312
11897,0.288,0.153972489,0.257466894,0,0.2125,0.187637187
11898,0.326,0.259807736,0.207976812,0,0.2125,0.164435136
11899,0.31,0.231613559,0.486919075,1,0.2125,0.380913665
11900,0.116,0.157034663,0.1490661,0,0.2125,0.121458554
11901,0.662,0.73048752,0.676860419,0,0.32,0.798219283
11902,0.838,0.851043131,0.980568263,0,0.663265306,0.910105067
11903,0.294,0.249064013,0.054638928,0,0.2125,0.330389516
11904,0.34,0.181296126,0.432358967,0,0.2125,0.125658873
11905,0.352,0.199113199,0.237776188,0,0.2125,0.195651172
11906,0.98,0.912208152,0.819372751,1,0.9140625,0.949345632
11907,0.338,0.195185263,0.2465417,0,0.2125,0.115637981
11908,0.056,0.167726538,0.1549124,0,0.2125,0.139335886
11909,0.294,0.235990633,0.001075091,0,0.2125,0.096921006
11910,0.062,0.196794595,0.305635447,0,0.2125,0.15871224
11911,0.072,0.162892067,0.146005354,0,0.2125,0.084284006
11912,0.08,0.173079713,0.118023236,0,0.2125,0.087442942
11913,1,0.911592695,0.819245176,1,0.9140625,0.923290255
11914,0.406,0.720991261,0.674054118,0,0.32,0.273839828
11915,0.232,0.244913325,0.283844904,0,0.2125,0.228540678
11916,0.446,0.179802568,0.164677579,0,0.2125,0.257272298
11917,0.498,0.24928617,0.149702528,0,0.2125,0.174232487
11918,0.992,0.927941335,0.755169961,1,0.9140625,0.895976781
11919,0.054,0.194429865,0.321729688,0,0.2125,0.111446172
11920,0.11,0.180230784,0.21191872,0,0.2125,0.078879482
11921,0.374,0.209269969,0.156575922,0,0.2125,0.172276749
11922,0.992,0.893198568,0.85283737,1,0.9140625,0.94167618
11923,0.984,0.931308688,0.984347586,1,0.9140625,0.961249932
11924,0.498,0.430240293,0.364333506,0,0.663265306,0.409676102
11925,0.996,0.903076495,0.978203016,1,0.9140625,0.964465618
11926,0.372,0.238849351,0.201745307,0,0.2125,0.368396417
11927,0.99,0.942588503,0.803047199,1,0.9140625,0.912179137
11928,0.082,0.210847639,0.709218728,0,0.2125,0.239096112
11929,0.278,0.15969013,0.182422202,0,0.2125,0.176458724
11930,1,0.912443753,0.911375338,1,0.9140625,0.961681191
11931,0.39,0.19994148,0.263278043,0,0.2125,0.418645949
11932,0.294,0.141225761,0.180036914,0,0.2125,0.140407121
11933,0.844,0.633055615,0.67293746,0,0.663265306,0.72738723
11934,0.126,0.183650089,0.206628166,0,0.2125,0.165784099
11935,0.058,0.160592102,0.147270896,0,0.2125,0.12261821
11936,0.312,0.16824499,0.210598815,0,0.2125,0.219694094
11937,0.996,0.906270016,0.823383551,1,0.9140625,0.927004507
11938,0.874,0.596176133,0.791576829,0,0.663265306,0.56223463
11939,0.072,0.188766041,0.148039773,0,0.2125,0.21197188
11940,0.472,0.764003227,0.679641678,0,0.663265306,0.625984796
11941,0.256,0.442030223,0.49740528,0,0.32,0.114905687
11942,0.798,0.874903777,0.909053554,1,0.9140625,0.886257487
11943,0.014,0.187744,0.163249943,0,0.2125,0.180121941
11944,0.614,0.775401139,0.765558912,1,0.9140625,0.445527674
11945,1,0.912443753,0.911375338,1,0.9140625,0.961681191
11946,0.992,0.927945034,0.755192965,1,0.9140625,0.905428037
11947,0.902,0.815685792,0.941706782,1,0.9140625,0.957141303
11948,0.324,0.251144254,0.102814288,0,0.2125,0.198304275
11949,0.978,0.868586185,0.847715511,1,0.9140625,0.930140686
11950,0.824,0.884523829,0.719926502,1,0.9140625,0.672159435
11951,0.252,0.227422894,0.206060418,0,0.2125,0.14376381
11952,0.506,0.174961793,0.251192957,0,0.2125,0.371418628
11953,0.982,0.94097337,0.99244724,1,0.9140625,0.964465618
11954,0.258,0.21095825,0.340325235,0,0.2125,0.248412662
11955,0.926,0.879406251,0.783488921,1,0.9140625,0.917962866
11956,1,0.912443753,0.911375338,1,0.9140625,0.961681191
11957,0.81,0.801256333,0.627497014,0,0.32,0.571302706
11958,0.094,0.193509504,0.168341058,0,0.2125,0.179523977
11959,0.936,0.87387656,0.858117859,1,0.9140625,0.936886265
11960,0.878,0.877260629,0.716556721,1,0.9140625,0.74531673
11961,0.952,0.884922198,0.739963141,1,0.9140625,0.85449754
11962,0.15,0.198119233,0.209961037,0,0.2125,0.202118605
11963,0.254,0.24705575,0.164761701,0,0.2125,0.118973284
11964,0.126,0.195780912,0.336191196,1,0.2125,0.228082503
11965,0.252,0.227422894,0.206060418,0,0.2125,0.14376381
11966,0.876,0.918653044,0.786650396,1,0.9140625,0.941958317
11967,0.982,0.861682786,0.735909463,1,0.9140625,0.885006684
11968,0.782,0.714441782,0.853127455,0,0.663265306,0.801475312
11969,0.588,0.852426196,0.785272245,1,0.9140625,0.733593894
11970,0.962,0.847861583,0.74999337,1,0.9140625,0.89178412
11971,0.468,0.803415134,0.726179322,0,0.32,0.700570426
11972,0.926,0.870596782,0.759395489,1,0.9140625,0.917962866
11973,0.978,0.91937308,0.863199258,1,0.9140625,0.961681191
11974,0.986,0.960216295,0.996861434,1,0.9140625,0.964465618
11975,1,0.912140469,0.821098711,1,0.9140625,0.923290255
11976,0.652,0.519741629,0.635043259,0,0.663265306,0.296896062
11977,0.942,0.899269072,0.779436333,1,0.9140625,0.838418681
11978,0.368,0.636131601,0.535789072,0,0.32,0.347231704
11979,0.99,0.93824967,0.889895942,1,0.9140625,0.964465618
11980,0.878,0.914011573,0.742635034,1,0.9140625,0.7900409
11981,0.95,0.936292735,0.826059486,1,0.9140625,0.919846162
11982,0.682,0.875675461,0.845539237,1,0.9140625,0.824456858
11983,0.996,0.913816058,0.913616962,1,0.9140625,0.961681191
11984,0.94,0.87913472,0.974625728,1,0.9140625,0.910226119
11985,1,0.912443753,0.911375338,1,0.9140625,0.961681191
11986,0.352,0.267250815,0.234582127,0,0.2125,0.404303098
11987,0.948,0.864533971,0.843610367,1,0.9140625,0.908613987
11988,0.166,0.193938048,0.122318246,0,0.2125,0.072287516
11989,0.986,0.958799288,0.931248605,1,0.9140625,0.964465618
11990,0.976,0.938874077,0.848092828,1,0.9140625,0.935548009
11991,0.972,0.918674672,0.814569322,1,0.9140625,0.936298938
11992,0.72,0.91406513,0.686176679,0,0.32,0.726814275
11993,0.872,0.915157945,0.993433729,1,0.9140625,0.961681191
11994,0.446,0.21005976,0.277274309,0,0.2125,0.348692158
11995,0.754,0.894107444,0.682833364,0,0.32,0.367466966
11996,0.936,0.852991429,0.761476457,1,0.9140625,0.905142606
11997,0.49,0.158604465,0.565711588,0,0.663265306,0.338640242
11998,0.124,0.1944994,0.369302387,0,0.2125,0.27607705
11999,0.498,0.312265933,0.424717909,1,0.2125,0.574529917
12000,0.982,0.861682786,0.735909463,1,0.9140625,0.885006684
12001,0.676,0.871252775,0.837238109,1,0.9140625,0.807317817
12002,0.968,0.904325822,0.916711879,1,0.9140625,0.961249932
12003,1,0.948841486,0.913595353,1,0.9140625,0.960133729
12004,0.998,0.889106267,0.848221554,1,0.9140625,0.952863093
12005,0.964,0.894350286,0.958975112,1,0.9140625,0.941273578
12006,0.926,0.75954449,0.858580417,1,0.9140625,0.817917406
12007,0.992,0.870029052,0.80058684,1,0.9140625,0.912305963
12008,0.5,0.451268857,0.250064557,0,0.32,0.445273932
12009,0.892,0.751586549,0.835940637,1,0.663265306,0.866690131
12010,0.998,0.943997196,0.929459358,1,0.9140625,0.956407067
12011,0.994,0.958354782,0.933223448,1,0.9140625,0.964465618
12012,0.116,0.19701574,0.333846735,0,0.2125,0.280014008
12013,0.09,0.197523643,0.238707985,0,0.2125,0.12489936
12014,0.29,0.280885466,0.257902389,0,0.2125,0.292449242
12015,0.676,0.871252775,0.837238109,1,0.9140625,0.807317817
12016,0.404,0.326517462,0.310530031,0,0.2125,0.209684004
12017,0.99,0.93824967,0.889895942,1,0.9140625,0.964465618
12018,0.996,0.925698517,0.866495297,1,0.9140625,0.961681191
12019,0.956,0.882332452,0.852696637,1,0.9140625,0.916576937
12020,0.926,0.892313533,0.784246101,1,0.9140625,0.818655711
12021,0.994,0.89286446,0.852054829,1,0.9140625,0.941702245
12022,0.948,0.899190604,0.787707558,1,0.9140625,0.932390393
12023,0.974,0.858000407,0.784053321,1,0.9140625,0.924215671
12024,0.232,0.210396024,0.234209626,0,0.2125,0.127059815
12025,0.998,0.928759289,0.88173423,1,0.9140625,0.943363362
12026,0.994,0.923090651,0.960177603,1,0.9140625,0.961127503
12027,0.958,0.913357974,0.932584264,1,0.9140625,0.949406089
12028,0.53,0.739185832,0.224825244,0,0.32,0.041818188
12029,0.812,0.800214744,0.823114347,0.001976045,0.32,0.897505259
12030,0.996,0.929193303,0.895600199,1,0.9140625,0.964465618
12031,0.976,0.911924342,0.980001411,1,0.9140625,0.964465618
12032,0.66,0.563913413,0.641353716,0,0.663265306,0.635623108
12033,0.4,0.716104948,0.719941782,0,0.32,0.436328384
12034,0.812,0.699344864,0.687549522,0,0.663265306,0.72874925
12035,0.232,0.227458458,0.125553311,0,0.2125,0.076577355
12036,0.352,0.191625637,0.215009988,0,0.2125,0.33855091
12037,0.444,0.210976491,0.517535834,0,0.2125,0.417791574
12038,0.096,0.17367992,0.270814625,0,0.2125,0.248619066
12039,0.792,0.900566904,0.793353672,0,0.32,0.850605195
12040,0.074,0.207927815,0.224385379,0,0.2125,0.09877085
12041,0.852,0.908351034,0.692403865,0.9979008,0.32,0.816624392
12042,0.692,0.710449563,0.521267041,1,0.9140625,0.367481657
12043,0.28,0.165024631,0.110724769,0,0.2125,0.076883158
12044,0.444,0.883548876,0.784247769,1,0.9140625,0.598823984
12045,0.462,0.353481965,0.734443853,0,0.663265306,0.48628134
12046,0.752,0.798536002,0.648694424,1,0.9140625,0.743184397
12047,0.406,0.184656776,0.165010566,0,0.2125,0.258073232
12048,0.934,0.895717932,0.768577212,1,0.9140625,0.822448152
12049,0.99,0.905616805,0.916915112,1,0.9140625,0.948961755
12050,0.08,0.193849599,0.300686617,0,0.2125,0.181731368
12051,0.848,0.790409581,0.761160106,1,0.9140625,0.823837504
12052,0.012,0.190441036,0.195630157,0,0.2125,0.098968636
12053,0.642,0.698444096,0.72109297,0,0.32,0.79693529
12054,0.054,0.194429865,0.321729688,0,0.2125,0.111446172
12055,0.996,0.91326377,0.999999396,1,0.9140625,0.942322474
12056,0.916,0.838022255,0.96551865,1,0.9140625,0.930670775
12057,0.252,0.165018158,0.172258924,0,0.2125,0.086878462
12058,0.692,0.557748314,0.68558514,0,0.663265306,0.730561598
12059,0.95,0.909503303,0.652186495,1,0.32,0.749751114
12060,0.486,0.262784567,0.281105631,0,0.2125,0.411831089
12061,0.964,0.918429527,0.84762058,1,0.9140625,0.964465618
12062,0.992,0.947015973,0.911085252,1,0.9140625,0.960133729
12063,0.614,0.640452852,0.711654322,0,0.32,0.790636143
12064,0.75,0.712017668,0.906120493,0,0.663265306,0.910606807
12065,0.986,0.917328929,0.69323925,1,0.9140625,0.882648112
12066,0.522,0.778842563,0.739379095,0,0.663265306,0.749229932
12067,0.87,0.881159944,0.875606584,1,0.9140625,0.938925547
12068,0.972,0.874125051,0.877135984,1,0.9140625,0.957807603
12069,0.058,0.126763458,0.011251384,0,0.2125,0.072979277
12070,0.068,0.164165286,0.138056222,0,0.2125,0.085031597
12071,0.232,0.190292902,0.310564735,1,0.2125,0.238988483
12072,0.964,0.847872093,0.750016701,1,0.9140625,0.905142606
12073,0.702,0.797375646,0.730082397,1,0.9140625,0.566017839
12074,0.614,0.41142993,0.444275262,0,0.663265306,0.433497816
12075,0.538,0.604079068,0.432052807,0,0.663265306,0.504191332
12076,0.992,0.910190413,0.925924312,1,0.9140625,0.953717189
12077,0.256,0.255056987,0.2185188,0,0.2125,0.10996853
12078,0.206,0.196544239,0.173954895,0,0.2125,0.165467192
12079,0.548,0.842287678,0.953812777,0,0.32,0.812078429
12080,0.782,0.80982102,0.76229138,1,0.663265306,0.893167932
12081,0.812,0.832221692,0.762353773,0,0.663265306,0.837740929
12082,0.994,0.949872032,0.802355881,1,0.9140625,0.930284282
12083,0.99,0.895896013,0.849788695,1,0.9140625,0.943173386
12084,0.998,0.91925931,0.906274915,1,0.9140625,0.964465618
12085,0.35,0.299064056,0.196494769,0,0.2125,0.095330434
12086,0.232,0.190292902,0.310564735,1,0.2125,0.238988483
12087,0.992,0.941678484,0.984655885,1,0.9140625,0.960981726
12088,0.11,0.183596521,0.124077604,0,0.2125,0.138299404
12089,0.602,0.848732569,0.752299083,1,0.9140625,0.668428318
12090,0.932,0.862972903,0.950566137,1,0.9140625,0.916068525
12091,0.996,0.950243645,0.91579561,1,0.9140625,0.960133729
12092,0.33,0.762050814,0.522915169,0.00496927,0.32,0.262873711
12093,0.926,0.903594828,0.623454175,1,0.32,0.779767486
12094,0.936,0.862453781,0.840195167,1,0.9140625,0.904612488
12095,0.438,0.276660327,0.21416448,0,0.2125,0.297870141
12096,0.656,0.329625503,0.981261798,1,0.2125,0.792939121
12097,0.98,0.859280754,0.959512973,1,0.9140625,0.933994678
12098,0.504,0.261347709,0.2687059,0,0.2125,0.505852373
12099,0.384,0.644386313,0.439865453,0,0.32,0.285987144
12100,0.124,0.176605628,0.24132763,0,0.2125,0.237151967
12101,0.206,0.196544239,0.173954895,0,0.2125,0.165467192
12102,0.854,0.933138768,0.99711521,1,0.9140625,0.961382486
12103,0.042,0.150064243,0.058112413,0,0.2125,0.082789064
12104,0.26,0.160409513,0.097763078,0,0.2125,0.075247342
12105,0.996,0.916437143,0.945325129,1,0.9140625,0.960981726
12106,0.234,0.165705599,0.227261793,0,0.2125,0.312683311
12107,0.998,0.908934662,0.980274246,1,0.9140625,0.964465618
12108,0.628,0.243215969,0.363215488,0,0.663265306,0.489719323
12109,0.246,0.244312279,0.259951253,0,0.2125,0.162938729
12110,0.498,0.247744753,0.141954519,0,0.2125,0.174232487
12111,0.86,0.703178408,0.865505551,0,0.663265306,0.817782041
12112,0.572,0.302441027,0.576391349,0,0.663265306,0.390744853
12113,0.864,0.733506295,0.811275907,0,0.663265306,0.871027511
12114,1,0.889419669,0.844039277,1,0.9140625,0.941702245
12115,0.274,0.647509068,0.452327457,0,0.32,0.158721011
12116,0.986,0.861692136,0.735933645,1,0.9140625,0.90734951
12117,0.732,0.825210871,0.401125133,0,0.32,0.076532415
12118,0.994,0.908237557,0.869417179,1,0.9140625,0.960287098
12119,0.27,0.252470567,0.199898807,0,0.2125,0.202020566
12120,0.148,0.228299633,0.23868245,0,0.2125,0.119526809
12121,0.988,0.948945711,0.796358489,1,0.9140625,0.895217982
12122,0.694,0.370752479,0.657227897,0,0.663265306,0.426475093
12123,0.98,0.959900991,0.928952781,1,0.9140625,0.935141975
12124,0.972,0.923483293,0.950658701,1,0.9140625,0.942253832
12125,0.99,0.894102754,0.949296051,1,0.9140625,0.945453212
12126,0.976,0.903462194,0.975366559,1,0.9140625,0.9289118
12127,0.852,0.653271527,0.811724249,0,0.663265306,0.87984649
12128,0.52,0.232893182,0.17363188,0,0.2125,0.138785745
12129,0.89,0.951860419,0.959959193,1,0.9140625,0.921457785
12130,0.994,0.941955417,0.851766243,1,0.9140625,0.868877914
12131,0.34,0.169425145,0.129439807,0,0.2125,0.116388786
12132,0.566,0.72449381,0.748751462,0,0.32,0.73847853
12133,0.26,0.201219522,0.275546506,0,0.2125,0.304985991
12134,0.988,0.888133065,0.948240614,1,0.9140625,0.953605583
12135,0.098,0.1479666,0.103635227,0,0.2125,0.138026387
12136,0.954,0.923198882,0.726525311,1,0.9140625,0.852860277
12137,0.63,0.251943624,0.353650703,1,0.2125,0.558703901
12138,0.794,0.816354728,0.628806632,1,0.32,0.626285474
12139,0.956,0.908769063,0.974050694,1,0.9140625,0.964465618
12140,0.49,0.846002057,0.696530527,1,0.9140625,0.503802976
12141,0.364,0.620146305,0.650021957,0,0.32,0.332929126
12142,0.28,0.251328635,0.192057144,0,0.2125,0.179412163
12143,0.178,0.253252325,0.149537343,0,0.2125,0.10743085
12144,0.102,0.158092803,0.105036395,0,0.2125,0.096195208
12145,0.984,0.943731127,0.743656258,1,0.9140625,0.87973058
12146,0.996,0.90513189,0.979090982,1,0.9140625,0.964465618
12147,0.992,0.94382746,0.883335672,1,0.9140625,0.93041658
12148,0.352,0.261532511,0.32400878,0,0.2125,0.200146892
12149,0.998,0.91896303,0.905234004,1,0.9140625,0.964465618
12150,0.172,0.192921652,0.021213748,0,0.2125,0.121394602
12151,0.91,0.875585802,0.808270461,1,0.9140625,0.923906234
12152,0.942,0.858291086,0.909942994,1,0.9140625,0.956110849
12153,0.096,0.192689753,0.051298765,0,0.2125,0.108160968
12154,0.394,0.522133309,0.895174588,0,0.32,0.487916428
12155,0.348,0.683955611,0.46363701,0,0.32,0.182610594
12156,0.99,0.898647038,0.881957706,1,0.9140625,0.85692169
12157,0.796,0.835992414,0.904312474,1,0.9140625,0.905982651
12158,0.17,0.189117046,0.223108318,0,0.2125,0.250669626
12159,0.382,0.195447233,0.122758951,0,0.2125,0.121676794
12160,0.89,0.856160909,0.841169445,1,0.9140625,0.884779885
12161,0.986,0.861692136,0.735933645,1,0.9140625,0.90734951
12162,0.832,0.682652675,0.808779066,0,0.663265306,0.900463315
12163,0.336,0.753854264,0.76487994,0,0.32,0.507784158
12164,0.578,0.260024449,0.769975806,1,0.2125,0.351353377
12165,0.218,0.171334901,0.28643413,0,0.2125,0.249717743
12166,0.996,0.90606246,0.967974653,1,0.9140625,0.964465618
12167,0.744,0.514873302,0.863561439,0,0.663265306,0.489721515
12168,0.962,0.842379834,0.757536337,1,0.9140625,0.894889424
12169,0.906,0.830689844,0.736725919,1,0.9140625,0.780853179
12170,0.586,0.250599397,0.328553408,0,0.2125,0.437716721
12171,0.062,0.194203471,0.295199622,0,0.2125,0.209982154
12172,0.942,0.858291086,0.909942994,1,0.9140625,0.956110849
12173,0.992,0.921118685,0.970183985,1,0.9140625,0.964465618
12174,0.594,0.711383614,0.928851175,0,0.663265306,0.843565803
12175,0.332,0.225748381,0.195994374,0,0.2125,0.520541246
12176,0.514,0.223247957,0.236530855,0,0.2125,0.160694952
12177,0.938,0.921784382,0.978101007,1,0.9140625,0.958399303
12178,0.074,0.14708925,0.040125665,0,0.2125,0.119312904
12179,0.358,0.275535102,0.279644966,0,0.2125,0.172052672
12180,0.524,0.756289304,0.738562857,0,0.32,0.662385213
12181,0.922,0.893762907,0.737710971,1,0.9140625,0.900381037
12182,0.798,0.67529312,0.802414449,0,0.663265306,0.890806865
12183,0.916,0.927134091,0.608953767,1,0.32,0.690652729
12184,0.578,0.260024449,0.769975806,1,0.2125,0.351353377
12185,0.662,0.681593932,0.680463862,0,0.32,0.468791733
12186,0.716,0.695789499,0.66326595,0,0.663265306,0.675105517
12187,0.648,0.507767083,0.534086677,0,0.663265306,0.696509853
12188,0.59,0.801362932,0.829098626,0,0.32,0.669874858
12189,0.584,0.781514822,0.670140381,1,0.32,0.630228608
12190,0.982,0.9534205,0.883651013,1,0.9140625,0.912107358
12191,0.454,0.54314637,0.538737425,0,0.663265306,0.380495429
12192,0.652,0.432914174,0.539211178,0,0.663265306,0.710264821
12193,0.286,0.305314278,0.171623549,0,0.2125,0.086779534
12194,0.39,0.199690906,0.260895704,0,0.2125,0.418645949
12195,0.218,0.256181732,0.168679208,0,0.2125,0.155555388
12196,0.96,0.878713517,0.819711599,1,0.9140625,0.929315559
12197,0.096,0.172064072,0.096403261,0,0.2125,0.065987041
12198,0.11,0.202415461,0.252162315,0,0.2125,0.158504236
12199,0.598,0.784851448,0.802111993,0,0.663265306,0.768904051
12200,0.808,0.794244642,0.800918182,1,0.9140625,0.734868909
12201,0.986,0.900924952,0.999999459,1,0.9140625,0.961681191
12202,0.102,0.231485586,0.055230398,0,0.2125,0.064183898
12203,0.4,0.506855241,0.422223473,0,0.663265306,0.260093649
12204,0.406,0.526305938,0.547574403,0,0.32,0.378874931
12205,0.968,0.89617997,0.996177067,1,0.9140625,0.960862048
12206,0.846,0.922123298,0.971658045,0,0.663265306,0.924699529
12207,0.084,0.19263565,0.19747337,0,0.2125,0.290898526
12208,0.8,0.840458743,0.85191549,0,0.663265306,0.910421785
12209,0.71,0.354740622,0.999998061,0,0.663265306,0.734023433
12210,0.02,0.194355596,0.210232035,0,0.2125,0.063569246
12211,0.07,0.197912628,0.257753702,0,0.2125,0.244402878
12212,0.456,0.149423483,0.558568675,0,0.663265306,0.397800208
12213,0.942,0.858291086,0.909942994,1,0.9140625,0.956110849
12214,0.926,0.903594828,0.623454175,1,0.32,0.779767486
12215,0.994,0.958407541,0.933979344,1,0.9140625,0.964465618
12216,0.026,0.188151964,0.257245905,0,0.2125,0.092308292
12217,0.738,0.809578986,0.680485176,1,0.32,0.747813724
12218,0.014,0.190787865,0.201570954,0,0.2125,0.086640755
12219,0.628,0.750529028,0.526014891,0,0.32,0.430744987
12220,0.12,0.188103225,0.460902075,0,0.2125,0.408057081
12221,0.528,0.867286707,0.682092111,1,0.9140625,0.491955382
12222,0.196,0.194173288,0.085032965,0,0.2125,0.171386001
12223,0.076,0.167133402,0.050968689,0,0.2125,0.108038813
12224,0.666,0.25156823,0.413074058,0,0.663265306,0.303352874
12225,0.31,0.219010109,0.129925605,0,0.2125,0.146034105
12226,0.334,0.752311089,0.762634862,0,0.32,0.507784158
12227,0.988,0.923484927,0.970785883,1,0.9140625,0.953818749
12228,0.812,0.630826506,0.819100072,0,0.663265306,0.800850525
12229,0.99,0.895272485,0.761505737,1,0.9140625,0.886136114
12230,0.43,0.831325247,0.941492838,0,0.32,0.800858751
12231,0.882,0.886488325,0.878034192,1,0.9140625,0.931352427
12232,0.986,0.873100797,0.979096611,1,0.9140625,0.964465618
12233,0.702,0.25324147,0.264633493,0,0.2125,0.392495082
12234,0.99,0.938252498,0.889908133,1,0.9140625,0.964465618
12235,0.054,0.192706276,0.362795947,1,0.2125,0.153899528
12236,0.982,0.91969079,0.706359941,1,0.9140625,0.867854083
12237,0.994,0.919627322,0.994269241,1,0.9140625,0.960981726
12238,0.26,0.163233987,0.122016347,0,0.2125,0.084086224
12239,0.75,0.447933601,0.461167676,0,0.663265306,0.518671616
12240,0.99,0.871737613,0.821399757,1,0.9140625,0.957141303
12241,0.698,0.786999883,0.590359979,0,0.32,0.508628327
12242,0.192,0.252460446,0.120231617,0,0.2125,0.18588271
12243,0.072,0.186140323,0.350615464,1,0.2125,0.13706568
12244,0.916,0.870195205,0.924556476,1,0.9140625,0.942003647
12245,0.966,0.88031163,0.812509069,1,0.9140625,0.960684
12246,0.184,0.177847166,0.122818681,0,0.2125,0.125125266
12247,0.168,0.208679405,0.196543945,0,0.2125,0.148928146
12248,0.902,0.844715983,0.94104923,1,0.9140625,0.941369615
12249,0.686,0.306130618,0.305422192,0,0.663265306,0.413848802
12250,0.184,0.175383194,0.127626545,0,0.2125,0.158442923
12251,0.252,0.247337634,0.166463914,0,0.2125,0.137683769
12252,0.468,0.297412394,0.116115195,0,0.32,0.305649353
12253,0.4,0.582780343,0.502957633,0,0.32,0.186966526
12254,1,0.914239854,0.828275752,1,0.9140625,0.923290255
12255,0.066,0.114215537,0.008794145,0,0.2125,0.058520494
12256,0.546,0.194944738,0.083353924,0,0.2125,0.093291844
12257,0.384,0.558552251,0.476296697,0,0.663265306,0.247507005
12258,0.064,0.129234726,0.012418224,0,0.2125,0.039018274
12259,0.196,0.167717408,0.170846655,0,0.2125,0.12886651
12260,0.986,0.905217419,0.980821036,1,0.9140625,0.961249932
12261,0.792,0.864096563,0.470588211,0,0.32,0.113474985
12262,0.348,0.145796117,0.135083856,0,0.2125,0.11962147
12263,0.982,0.895769045,0.890577957,1,0.9140625,0.960133729
12264,0.966,0.890646555,0.797909984,1,0.9140625,0.930858094
12265,0.982,0.912254267,0.905198795,1,0.9140625,0.964465618
12266,0.312,0.22295708,0.031392366,0,0.2125,0.045545672
12267,0.18,0.16893853,0.024735334,0,0.2125,0.065226196
12268,0.858,0.907319125,0.561178773,0,0.32,0.244131907
12269,0.146,0.191138356,0.302860128,0,0.2125,0.217050499
12270,0.71,0.563009845,0.665287787,0,0.663265306,0.587301947
12271,0.994,0.969551215,0.930461034,1,0.9140625,0.964465618
12272,0.76,0.506517002,0.878674114,0,0.663265306,0.712344961
12273,0.828,0.764521627,0.706678034,0,0.32,0.482519862
12274,0.704,0.826710408,0.462278884,0,0.32,0.20006341
12275,0.26,0.767767211,0.896584816,0,0.32,0.72880858
12276,0.426,0.288758281,0.120989064,0,0.2125,0.090622365
12277,0.394,0.204400972,0.065546212,0,0.2125,0.122607601
12278,0.55,0.439464394,0.661509985,0,0.663265306,0.787724592
12279,0.158,0.191481164,0.257094513,0,0.2125,0.195680397
12280,0.34,0.510519922,0.436335392,0,0.32,0.276793029
12281,0.39,0.188227433,0.086355706,0,0.2125,0.066617442
12282,0.066,0.114215537,0.008794145,0,0.2125,0.058520494
12283,0.696,0.629863174,0.460199501,0,0.32,0.423306419
12284,0.296,0.136878083,0.044460592,0,0.2125,0.075132557
12285,0.332,0.77904945,0.553798218,1,0.32,0.235464664
12286,0.442,0.188421999,0.503444861,0,0.663265306,0.306394579
12287,0.346,0.218274066,0.410181159,0,0.2125,0.434683384
12288,0.39,0.258633731,0.150758919,0,0.2125,0.122387691
12289,0.588,0.355422863,0.548551808,0,0.663265306,0.485596069
12290,0.044,0.193810838,0.207498314,0,0.2125,0.171575029
12291,0.674,0.465709863,0.594847884,0,0.663265306,0.461405811
12292,0.37,0.192855679,0.247549279,0,0.2125,0.10924203
12293,0.112,0.208080703,0.121494044,0,0.2125,0.214229251
12294,0.08,0.181432785,0.126010647,0,0.2125,0.223423482
12295,0.286,0.258478496,0.244969054,0,0.2125,0.134449567
12296,0.262,0.137282516,0.125734602,0,0.2125,0.120000007
12297,0.932,0.926706522,0.605986776,1,0.32,0.725159203
12298,0.25,0.243873433,0.247173025,0,0.2125,0.238561136
12299,0.39,0.19994148,0.263278043,0,0.2125,0.418645949
12300,0.262,0.15428812,0.02982181,0,0.2125,0.05577615
12301,0.186,0.194249622,0.399640156,0,0.2125,0.218303394
12302,0.1,0.146116762,0.050806363,0,0.2125,0.134458844
12303,0.788,0.875319329,0.293666866,0,0.32,0.06327538
12304,0.396,0.20204947,0.206331921,0,0.2125,0.279573842
12305,0.934,0.942151709,0.794658442,1,0.9140625,0.807996504
12306,0.156,0.1549238,0.021343146,0,0.2125,0.045466893
12307,0.062,0.186442922,0.353453746,1,0.2125,0.169734498
12308,0.992,0.908593018,0.902888984,1,0.9140625,0.960133729
12309,0.282,0.219577168,0.12867932,0,0.2125,0.051989516
12310,0.994,0.955182498,0.950343216,1,0.9140625,0.956244394
12311,0.118,0.173177634,0.059771617,0,0.2125,0.050506142
12312,0.224,0.159612444,0.168401449,0,0.2125,0.324038818
12313,0.306,0.149638062,0.033281339,0,0.2125,0.100886384
12314,0.306,0.268636886,0.114265923,0,0.2125,0.048889225
12315,0.246,0.73507078,0.633477765,0,0.32,0.341185147
12316,0.468,0.478731804,0.313171553,0,0.32,0.332593729
12317,0.26,0.155866155,0.015393767,0,0.2125,0.067183396
12318,0.132,0.167139344,0.209300775,0,0.2125,0.164823079
12319,0.192,0.228473067,0.168097838,0,0.2125,0.117500483
12320,0.176,0.188115242,0.224244348,0,0.2125,0.128577513
12321,0.102,0.143275996,0.065079536,0,0.2125,0.094028222
12322,0.996,0.935936994,0.979818754,1,0.9140625,0.957936213
12323,0.224,0.152461225,0.05281031,0,0.2125,0.08661763
12324,0.938,0.784593508,0.916580406,1,0.9140625,0.884168089
12325,0.02,0.192726562,0.202107466,0,0.2125,0.063569246
12326,0.084,0.156268909,0.055111082,0,0.2125,0.121182921
12327,0.422,0.187210644,0.313342666,0,0.2125,0.162398901
12328,0.368,0.173889193,0.154007783,0,0.2125,0.115720042
12329,0.312,0.248921048,0.051519042,0,0.2125,0.361054299
12330,0.36,0.177567062,0.12107892,0,0.2125,0.197767465
12331,0.678,0.545155379,0.667103741,0,0.663265306,0.408089632
12332,0.998,0.957088116,0.907592259,1,0.9140625,0.964465618
12333,0.064,0.170624993,0.06797323,0,0.2125,0.085744164
12334,0.376,0.20271694,0.230275676,0,0.2125,0.157664485
12335,0.146,0.185376315,0.177297529,0,0.2125,0.181918898
12336,0.424,0.245785039,0.012818509,0,0.2125,0.190490929
12337,0.28,0.204952444,0.278777216,1,0.2125,0.196102602
12338,0.278,0.217553288,0.02618747,0,0.2125,0.045545672
12339,0.668,0.545188055,0.671967261,0,0.663265306,0.711816023
12340,0.944,0.903134778,0.979405066,1,0.9140625,0.964465618
12341,0.076,0.165494842,0.141815026,0,0.2125,0.104099216
12342,0.384,0.25254983,0.135241123,0,0.2125,0.211581011
12343,0.324,0.270754344,0.079774602,0,0.2125,0.058508528
12344,0.622,0.29953597,0.52239985,0,0.663265306,0.377247011
12345,0.332,0.205849369,0.141332714,0,0.2125,0.236619545
12346,0.822,0.729689017,0.883717186,0,0.663265306,0.889662282
12347,0.104,0.19381688,0.396658528,0,0.2125,0.167165047
12348,0.968,0.913819641,0.987445047,1,0.9140625,0.960981726
12349,0.126,0.175634292,0.151238967,0,0.2125,0.110817175
12350,0.08,0.19199204,0.057988892,0,0.2125,0.20207355
12351,0.346,0.128557151,0.048494534,0,0.2125,0.078840636
12352,0.686,0.595983112,0.870638718,0,0.663265306,0.722705151
12353,0.972,0.9167248,0.977270514,1,0.9140625,0.964465618
12354,0.988,0.935754646,0.998317154,1,0.9140625,0.964465618
12355,0.45,0.235237895,0.649634921,0,0.2125,0.232507361
12356,0.188,0.243512914,0.097571642,0,0.2125,0.136189394
12357,0.822,0.909445194,0.599089432,0,0.32,0.352180802
12358,0.254,0.254187737,0.212128073,0,0.2125,0.10996853
12359,0.324,0.305631931,0.23160613,0,0.2125,0.151801891
12360,0.104,0.193385549,0.393684558,0,0.2125,0.167165047
12361,0.636,0.307838942,0.432425058,0,0.663265306,0.228283866
12362,0.02,0.169565688,0.220766567,0,0.2125,0.075171417
12363,0.338,0.141164031,0.024269329,0,0.2125,0.07138535
12364,0.448,0.08024409,0.135289449,0,0.663265306,0.292765294
12365,0.144,0.216890192,0.196407897,0,0.2125,0.141503819
12366,0.748,0.767500303,0.641485825,1,0.9140625,0.485687589
12367,0.332,0.77904945,0.553798218,1,0.32,0.235464664
12368,0.302,0.211150165,0.225193587,0,0.2125,0.232600481
12369,0.204,0.198697561,0.183969721,0,0.2125,0.186756261
12370,0.264,0.153396571,0.147204699,0,0.2125,0.219136697
12371,0.306,0.169185074,0.263022297,0,0.2125,0.250628967
12372,0.108,0.13072029,0.225408523,0,0.2125,0.19309491
12373,0.102,0.183557745,0.303886691,1,0.2125,0.169666648
12374,0.988,0.970155049,0.95010376,1,0.9140625,0.964465618
12375,0.448,0.273436638,0.168749537,0,0.2125,0.103455845
12376,0.08,0.177535164,0.125080503,0,0.2125,0.06722652
12377,0.14,0.192215224,0.324279858,0,0.2125,0.354311744
12378,0.534,0.182022148,0.376572181,0,0.663265306,0.236539521
12379,0.196,0.202850181,0.326348439,0,0.2125,0.203242993
12380,0.408,0.302998281,0.247480173,0,0.2125,0.245812745
12381,0.484,0.233699851,0.348698923,1,0.2125,0.364549164
12382,0.318,0.263285721,0.099979573,0,0.2125,0.048889225
12383,0.36,0.240563912,0.148994356,0,0.2125,0.214720908
12384,0.134,0.192102241,0.276075299,0,0.2125,0.205254384
12385,0.338,0.240135974,0.065289363,0,0.2125,0.165041874
12386,0.034,0.121750079,0.037006529,0,0.2125,0.043640267
12387,0.104,0.11947132,0.013862216,0,0.2125,0.07243222
12388,0.71,0.887540009,0.610767319,0,0.32,0.365165849
12389,0.474,0.155064764,0.118790031,0,0.2125,0.154140167
12390,0.254,0.154154935,0.010136133,0,0.2125,0.049191829
12391,0.85,0.827632593,0.80471525,1,0.663265306,0.925897117
12392,0.99,0.921596876,0.961395867,1,0.9140625,0.960981726
12393,0.108,0.18010112,0.113726416,0,0.2125,0.136376735
12394,0.092,0.15993731,0.035921673,0,0.2125,0.078917358
12395,0.296,0.156927283,0.008301645,0,0.2125,0.064177937
12396,0.398,0.200108605,0.188595077,0,0.2125,0.268655353
12397,0.132,0.224146161,0.110478173,0,0.2125,0.103826513
12398,0.276,0.212143051,0.091686797,0,0.2125,0.198160865
12399,0.054,0.193859835,0.282399591,0,0.2125,0.116929664
12400,0.238,0.237749078,0.118173497,0,0.2125,0.225944502
12401,0.024,0.181050385,0.132863903,0,0.2125,0.117097663
12402,0.246,0.214719524,0.091785141,0,0.2125,0.175354939
12403,0.868,0.833865374,0.868727864,1,0.9140625,0.779187683
12404,0.042,0.156026313,0.023241235,0,0.2125,0.053891966
12405,0.124,0.156472516,0.141535326,0,0.2125,0.137213035
12406,0.942,0.858291086,0.909942994,1,0.9140625,0.956110849
12407,0.064,0.192230454,0.226695376,0,0.2125,0.103738471
12408,0.306,0.200590502,0.355314953,1,0.2125,0.376156948
12409,0.362,0.276134395,0.287226051,0,0.2125,0.172052672
12410,0.322,0.25067686,0.091890513,0,0.2125,0.224026741
12411,0.03,0.184909498,0.109284919,0,0.2125,0.110113983
12412,0.376,0.172694057,0.037211318,0,0.2125,0.092211492
12413,0.906,0.870093654,0.945281338,1,0.9140625,0.839744718
12414,0.276,0.131847561,0.014931046,0,0.2125,0.050284954
12415,0.598,0.45689912,0.87184044,0,0.663265306,0.511042215
12416,0.126,0.188731671,0.366823783,0,0.2125,0.2575595
12417,0.204,0.233888102,0.019912605,0,0.2125,0.0734159
12418,0.142,0.163381542,0.000684674,0,0.2125,0.050061798
12419,0.352,0.224808767,0.107924251,0,0.2125,0.16032627
12420,0.534,0.295793189,0.199439344,0,0.2125,0.340497289
12421,0.1,0.180636581,0.00895654,0,0.2125,0.052163246
12422,0.072,0.10616605,0.041244739,0,0.2125,0.086397951
12423,0.252,0.156629563,0.002598935,0,0.2125,0.049191829
12424,0.392,0.152629515,0.173571058,0,0.2125,0.153443858
12425,0.336,0.157132273,0.007029553,0,0.2125,0.07138535
12426,0.162,0.176179413,0.116324566,0,0.2125,0.24783879
12427,0.144,0.203775727,0.172431075,0,0.2125,0.127553002
12428,0.278,0.143810293,0.178253959,0,0.2125,0.130295185
12429,0.464,0.255557002,0.066694895,0,0.32,0.173282776
12430,0.08,0.168114908,0.19527207,0,0.2125,0.099709969
12431,0.262,0.180567105,0.045131342,0,0.2125,0.103383168
12432,0.996,0.932255498,0.976903411,1,0.9140625,0.961382486
12433,0.318,0.248920766,0.051512962,0,0.2125,0.361054299
12434,0.254,0.246133501,0.402684584,0,0.2125,0.387020923
12435,0.284,0.165227816,0.0359705,0,0.32,0.081931257
12436,0.392,0.18477242,0.129563308,0,0.2125,0.207907984
12437,0.13,0.195195036,0.3005638,1,0.2125,0.157838605
12438,0.214,0.195819623,0.134141163,0,0.2125,0.123663914
12439,0.368,0.121663834,0.099215367,0,0.2125,0.07356885
12440,0.42,0.255402042,0.198629655,0,0.2125,0.292698322
12441,0.106,0.19387264,0.234812364,0,0.2125,0.194001032
12442,0.138,0.193240148,0.024249939,0,0.2125,0.117975103
12443,0.144,0.214114284,0.186773577,0,0.2125,0.141503819
12444,0.214,0.180746674,0.129310541,0,0.2125,0.114427379
12445,0.108,0.15334245,0.182432975,0,0.2125,0.214715772
12446,0.382,0.19891488,0.20689386,0,0.2125,0.157664485
12447,0.844,0.820494936,0.845941062,1,0.9140625,0.779187683
12448,0.666,0.862211665,0.965302038,1,0.9140625,0.919125168
12449,0.426,0.170644654,0.123914508,0,0.2125,0.176236789
12450,0.264,0.242424673,0.007203987,0,0.2125,0.105964878
12451,0.25,0.178132379,0.103582521,0,0.2125,0.088799829
12452,0.292,0.148341374,0.133310038,0,0.2125,0.059029147
12453,0.362,0.142501053,0.047836026,0,0.2125,0.081949295
12454,0.174,0.195629117,0.129361881,0,0.2125,0.142944114
12455,0.23,0.202103902,0.000998845,0,0.2125,0.086184447
12456,0.882,0.90766208,0.99700691,1,0.9140625,0.957040589
12457,0.058,0.16572705,0.083071118,0,0.2125,0.11220384
12458,0.13,0.185996278,0.027522231,0,0.2125,0.079984159
12459,0.416,0.25773606,0.248114201,0,0.2125,0.250842265
12460,0.306,0.225309369,0.018798578,0,0.2125,0.191822868
12461,0.906,0.903620051,0.990642212,1,0.9140625,0.960981726
12462,0.224,0.157152887,0.038118993,0,0.2125,0.137398744
12463,0.402,0.588827606,0.274807764,0,0.32,0.339470279
12464,0.194,0.175209249,0.006799075,0,0.2125,0.072308067
12465,0.098,0.174224783,0.021232675,0,0.2125,0.105328076
12466,0.526,0.356680892,0.80761667,1,0.2125,0.553802354
12467,0.964,0.881973845,0.991018588,1,0.9140625,0.957040589
12468,0.362,0.187650339,0.016077093,0,0.2125,0.07138535
12469,0.36,0.191432054,0.009046567,0,0.2125,0.111950479
12470,0.522,0.361180502,0.537482064,0,0.663265306,0.363041374
12471,0.934,0.889813389,0.922720646,1,0.9140625,0.917242429
12472,0.144,0.206328608,0.097052371,0,0.2125,0.099523242
12473,0.166,0.207810834,0.007235169,0,0.2125,0.06465164
12474,0.406,0.254362733,0.175908166,0,0.2125,0.232207135
12475,0.354,0.239853139,0.643737923,1,0.2125,0.229053135
12476,0.334,0.244423149,0.008330521,0,0.2125,0.124338567
12477,0.21,0.224038171,0.413490826,0,0.2125,0.126551024
12478,0.272,0.227245693,0.472923932,0,0.2125,0.139420136
12479,0.45,0.251005056,0.742471579,1,0.2125,0.395511141
12480,0.366,0.24803075,0.71963225,1,0.2125,0.324981933
12481,0.398,0.250247657,0.73686514,1,0.2125,0.395511141
12482,0.21,0.221426218,0.357246318,0,0.2125,0.150759891
12483,0.306,0.2310577,0.533537046,0,0.2125,0.134607988
12484,0.424,0.19466363,0.036472934,0,0.32,0.202413191
12485,0.216,0.22442152,0.42108489,0,0.2125,0.126551024
12486,0.906,0.75579116,0.841438712,1,0.663265306,0.810808129
12487,0.522,0.629748026,0.41820683,1,0.9140625,0.599521761
12488,0.096,0.196830291,0.391391983,0,0.2125,0.446627443
12489,0.06,0.179153301,0.161289576,0,0.2125,0.149026735
12490,0.78,0.670339475,0.661457389,0,0.663265306,0.614586536
12491,0.924,0.841078599,0.684808292,1,0.9140625,0.792127105
12492,0.506,0.404206368,0.544452058,0,0.663265306,0.254078113
12493,0.94,0.895053739,0.757462512,1,0.9140625,0.937189923
12494,0.424,0.215445911,0.375774317,0,0.2125,0.117903558
12495,0.04,0.156985634,0.027873944,0,0.2125,0.058471326
12496,0.442,0.379050947,0.389339699,0,0.32,0.163051664
12497,0.604,0.339967597,0.381719118,0,0.663265306,0.494586468
12498,1,0.948841486,0.913595353,1,0.9140625,0.960133729
12499,0.49,0.605916585,0.340080632,0,0.32,0.163745602
12500,0.248,0.193063327,0.009082089,0,0.32,0.063025718
12501,0.34,0.100386035,0.078233822,0,0.663265306,0.084583468
12502,0.762,0.914525797,0.48899519,0,0.32,0.104469052
12503,0.436,0.146463861,0.042959242,0,0.663265306,0.12754766
12504,0.792,0.347368978,0.454815743,0,0.663265306,0.406644201
12505,0.228,0.193930857,0.294322519,0,0.2125,0.226969403
12506,0.192,0.133403596,0.160789445,0,0.32,0.099554456
12507,0.806,0.880464461,0.936593085,1,0.9140625,0.875099543
12508,0.142,0.132933055,0.057805408,0,0.32,0.081982303
12509,0.268,0.155826387,0.03995306,0,0.32,0.077984651
12510,0.404,0.301267765,0.225041354,0,0.2125,0.177802614
12511,0.312,0.174345847,0.139775598,0,0.2125,0.102816128
12512,0.24,0.269401352,0.388958982,0,0.2125,0.211142057
12513,0.192,0.187188447,0.240369163,0,0.2125,0.216050597
12514,0.22,0.131312041,0.237721003,0,0.2125,0.139623917
12515,0.324,0.213457725,0.399666038,1,0.2125,0.494796348
12516,0.522,0.236701037,0.192216102,0,0.2125,0.18284545
12517,0.096,0.197140125,0.159987255,0,0.2125,0.090757659
12518,0.092,0.143774624,0.084841593,0,0.2125,0.085255167
12519,0.348,0.193769077,0.247692593,0,0.2125,0.272441103
12520,0.05,0.150219279,0.072637193,0,0.2125,0.084447424
12521,0.232,0.21818477,0.047041294,0,0.2125,0.294008375
12522,0.284,0.174193542,0.026575078,0,0.2125,0.06845912
12523,0.118,0.150248417,0.14889011,0,0.2125,0.090586566
12524,0.248,0.341453934,0.136710555,0,0.2125,0.291526598
12525,0.072,0.171048006,0.116794611,0,0.2125,0.102397857
12526,0.104,0.176153819,0.090950246,0,0.2125,0.156587302
12527,0.098,0.124932544,0.024021989,0,0.2125,0.072413707
12528,0.086,0.17682391,0.088225205,0,0.2125,0.108363714
12529,0.41,0.180660814,0.144716938,0,0.2125,0.214129061
12530,0.25,0.15228097,0.00249861,0,0.2125,0.044473148
12531,0.026,0.189874522,0.186025156,0,0.2125,0.18409873
12532,0.152,0.166132222,0.104940864,0,0.2125,0.060392478
12533,0.31,0.128267103,0.066788433,0,0.2125,0.059181706
12534,0.178,0.1950286,0.105291615,0,0.2125,0.098234923
12535,0.422,0.254974386,0.18933177,0,0.2125,0.292698322
12536,0.316,0.273736819,0.085430031,0,0.2125,0.058508528
12537,0.292,0.213116786,0.163908304,0,0.2125,0.191473863
12538,0.34,0.259332743,0.090344376,0,0.2125,0.048889225
12539,0.23,0.154232972,0.122344922,0,0.2125,0.16330871
12540,0.02,0.185870397,0.211945695,0,0.2125,0.07656044
12541,0.366,0.171243335,0.085656844,0,0.2125,0.197767465
12542,0.13,0.216507498,0.097955886,0,0.2125,0.072742583
12543,0.104,0.18325074,0.200923438,0,0.2125,0.18368464
12544,0.056,0.15751773,0.033473456,0,0.2125,0.078399087
12545,0.064,0.137167743,0.04399886,0,0.2125,0.077832619
12546,0.318,0.248920766,0.051512962,0,0.2125,0.361054299
12547,0.226,0.189800641,0.038178737,0,0.2125,0.109712505
12548,0.338,0.199460502,0.00230688,0,0.2125,0.044473148
12549,0.194,0.204235955,0.34663299,0,0.2125,0.130379423
12550,0.312,0.329550247,0.488419946,0,0.2125,0.196333667
12551,0.79,0.734438186,0.823548357,1,0.9140625,0.713467858
12552,0.274,0.166893514,0.574957065,0,0.2125,0.260031065
12553,0.468,0.207194139,0.269922061,1,0.2125,0.333077318
12554,0.116,0.204557584,0.344463693,1,0.2125,0.200291335
12555,0.914,0.786577994,0.779620199,1,0.9140625,0.923997856
12556,0.958,0.822021156,0.776901025,1,0.9140625,0.934178721
12557,0.318,0.218860674,0.167167996,0,0.2125,0.212783766
12558,0.958,0.846356947,0.779944629,1,0.9140625,0.872389739
12559,0.99,0.87001951,0.924958066,1,0.9140625,0.964465618
12560,0.44,0.238306462,0.34063889,0,0.2125,0.169704885
12561,0.216,0.221059359,0.454543928,0,0.2125,0.221011707
12562,0.318,0.214546818,0.302336494,0,0.2125,0.113837744
12563,0.912,0.898377935,0.810467859,1,0.9140625,0.933909324
12564,0.982,0.876547199,0.969116592,1,0.9140625,0.945419729
12565,0.324,0.229319944,0.500633609,0,0.2125,0.291265656
12566,0.99,0.90689494,0.853306159,1,0.9140625,0.917672638
12567,0.998,0.936354487,0.858026509,1,0.9140625,0.960684
12568,0.996,0.897575745,0.893216502,1,0.9140625,0.964465618
12569,0.904,0.897492921,0.979086974,1,0.9140625,0.957767422
12570,0.996,0.93018822,0.869733542,1,0.9140625,0.934223073
12571,0.924,0.809349112,0.752306254,1,0.9140625,0.884541518
12572,0.884,0.81405612,0.812525775,1,0.9140625,0.824085477
12573,0.998,0.926687438,0.883948174,1,0.9140625,0.947733646
12574,0.25,0.211365118,0.203897489,0,0.2125,0.06915318
12575,0.71,0.752488072,0.907602193,1,0.9140625,0.801834098
12576,0.282,0.173337716,0.156852494,0,0.2125,0.126309031
12577,0.93,0.853124343,0.852420364,1,0.9140625,0.952831294
12578,0.658,0.326356234,0.329303765,1,0.2125,0.52515593
12579,0.978,0.87748478,0.934598461,1,0.9140625,0.948103416
12580,0.284,0.213955509,0.387739987,1,0.2125,0.520003981
12581,0.998,0.864279735,0.863548313,1,0.9140625,0.961681191
12582,0.91,0.841950469,0.547482083,1,0.9140625,0.920945839
12583,0.34,0.209502135,0.404642457,1,0.2125,0.482261713
12584,0.938,0.821373839,0.916642888,1,0.9140625,0.852376802
12585,0.796,0.903055347,0.638249262,1,0.9140625,0.471632366
12586,0.946,0.839969235,0.86683724,1,0.9140625,0.958224443
12587,0.846,0.921079979,0.785391135,1,0.9140625,0.624898177
12588,0.998,0.932557374,0.826723293,1,0.9140625,0.919884642
12589,0.51,0.648336967,0.493372218,0,0.32,0.346423572
12590,0.948,0.91504006,0.706453825,1,0.9140625,0.665155929
12591,0.898,0.838861705,0.647626953,1,0.9140625,0.87386658
12592,0.672,0.693801192,0.853851163,1,0.9140625,0.739415062
12593,0.082,0.106231952,0.085624369,0,0.2125,0.065777827
12594,0.892,0.814417508,0.882828498,1,0.9140625,0.908692057
12595,0.996,0.889921913,0.840148266,1,0.9140625,0.964465618
12596,0.948,0.837708595,0.861445644,1,0.9140625,0.947158806
12597,0.94,0.866174836,0.957837493,1,0.9140625,0.961249932
12598,0.102,0.197390273,0.331844655,0,0.2125,0.128117815
12599,0.976,0.908183188,0.847487517,1,0.9140625,0.933729107
12600,0.196,0.244099643,0.125987942,0,0.2125,0.199800675
12601,0.82,0.905970574,0.751476487,1,0.9140625,0.603540867
12602,0.724,0.354146837,0.58688159,1,0.2125,0.529122847
12603,0.314,0.269238347,0.281272576,0.013717924,0.2125,0.087682959
12604,0.096,0.188281827,0.284052574,0,0.2125,0.117684916
12605,0.946,0.839969235,0.86683724,1,0.9140625,0.958224443
12606,0.998,0.86494711,0.864978805,1,0.9140625,0.961681191
12607,0.272,0.281745438,0.334188647,1,0.2125,0.084581558
12608,0.948,0.82602011,0.725585263,1,0.9140625,0.955912178
12609,0.526,0.67174359,0.405148449,1,0.9140625,0.26544977
12610,0.298,0.225873874,0.25159937,0,0.2125,0.171565027
12611,0.942,0.82826345,0.948488487,1,0.9140625,0.949199542
12612,0.996,0.93200838,0.883207149,1,0.9140625,0.951049246
12613,0.382,0.198064497,0.289269467,0,0.2125,0.311954463
12614,0.438,0.275801025,0.562915335,0,0.2125,0.263694858
12615,0.378,0.209190091,0.19630537,0,0.2125,0.105192983
12616,0.256,0.217866297,0.440294831,1,0.2125,0.478068632
12617,0.25,0.211365118,0.203897489,0,0.2125,0.06915318
12618,0.216,0.223733035,0.247264857,0,0.2125,0.06351802
12619,0.808,0.795573979,0.937980352,1,0.9140625,0.86639505
12620,0.504,0.223812788,0.432893661,1,0.2125,0.690827961
12621,0.996,0.895756411,0.878982719,1,0.9140625,0.960684
12622,0.076,0.168294669,0.178577808,0,0.2125,0.066825522
12623,0.998,0.934482378,0.842200178,1,0.9140625,0.946323182
12624,0.302,0.227359597,0.262264472,0,0.2125,0.154533227
12625,0.278,0.274457608,5.12E-06,0,0.2125,0.06577141
12626,0.248,0.247311842,0.336735154,1,0.2125,0.083553252
12627,0.288,0.217231461,0.180792321,0,0.2125,0.140324102
12628,0.31,0.29511327,0.158463448,0,0.2125,0.095711064
12629,0.208,0.240260493,0.117990098,0,0.2125,0.103790583
12630,0.508,0.739145058,0.688638585,0,0.663265306,0.57673034
12631,0.106,0.158450061,0.271222975,0,0.2125,0.064554346
12632,0.31,0.23426065,0.00309839,0,0.2125,0.130409046
12633,0.4,0.188240609,0.088930996,0,0.2125,0.084223272
12634,0.112,0.178363452,0.000474568,0,0.2125,0.051384138
12635,0.942,0.901223631,0.975078257,1,0.9140625,0.964465618
12636,0.384,0.227710636,0.252651215,0,0.2125,0.148928146
12637,0.158,0.151126278,0.178272218,0,0.2125,0.142842945
12638,0.06,0.201498683,0.216715145,0,0.2125,0.09909948
12639,0.986,0.881146878,0.891646167,1,0.9140625,0.940232275
12640,0.178,0.18810998,0.461056663,0,0.2125,0.346184796
12641,0.09,0.171707882,0.101197582,0,0.2125,0.086703083
12642,0.236,0.216692025,0.434140957,1,0.2125,0.478187073
12643,0.942,0.89697576,0.749569829,1,0.9140625,0.928679224
12644,0.556,0.232248692,0.448149052,1,0.2125,0.466480931
12645,0.256,0.214744909,0.09281719,0,0.2125,0.175354939
12646,0.202,0.219057343,0.248384154,0,0.2125,0.145886275
12647,0.256,0.214744909,0.09281719,0,0.2125,0.175354939
12648,0.728,0.752759801,0.825220909,1,0.9140625,0.865394842
12649,0.766,0.717969779,0.800366197,1,0.9140625,0.893424664
12650,0.398,0.256160836,0.214950629,0,0.2125,0.210686232
12651,0.382,0.312953133,0.245958711,0,0.2125,0.1376484
12652,0.042,0.193431913,0.107624456,0,0.2125,0.089164906
12653,0.992,0.912111198,0.861241193,1,0.9140625,0.943010313
12654,0.14,0.25214796,0.319550137,0,0.2125,0.104547544
12655,0.452,0.229507587,0.432664422,1,0.2125,0.308782998
12656,0.65,0.671157301,0.676797876,0,0.32,0.674127849
12657,0.428,0.199944014,0.263302179,0,0.2125,0.460139872
12658,0.416,0.247257353,0.861935207,1,0.2125,0.669579633
12659,0.33,0.26236597,0.306003887,0,0.2125,0.220670892
